id,lname,fname,mname,year,course,gender
2021-0001,Doe II,John,Doge,2,ME,Male
2021-0002,Doe II,Johnny,Doge,2,ME,Female
2021-0003,a,asd,asd,2,asd,Female
2021-0004,Doe,John,Cena,1,CS,Male
2021-0005,Doe II,Jon,Doge,2,ME,Male
2021-0006,Doe II,Joan,Doge,2,ME,Female
2021-0007,Doe II,Johan,Doge,2,ME,Male
2021-0008,Doe II,Johann,Doge,2,ME,Female
2021-0009,Doe II,Johanna,Doge,2,ME,Male
2021-0010,Doe II,Johnathan,Doge,2,ME,Female
2021-0011,Doe II,Jonathan,Doge,2,ME,Male
2021-0012,Doe II,Jonny,Doge,2,ME,Female
2021-0013,Doe II,Jan,Doge,2,ME,Male
2021-0014,Doe II,Jahn,Doge,2,ME,Female
2021-0015,Doe II,Jann,Doge,2,ME,Male
2021-0016,Doe II,Janny,Doge,2,ME,Female
2021-0017,Doe II,John Eric,Doge,2,ME,Male
2021-0018,Doe II,Jehneric,Doge,2,ME,Female
2021-0019,Doe II,Jehn,Doge,2,ME,Male
2021-0020,Doe II,Jenn,Doge,2,ME,Female
2021-0021,Doe II,John Walter,Doge,2,ME,Male
2021-0022,Doe II,Johnhoj,Doge,2,ME,Male
2021-0023,Doe II,Jun,Doge,2,ME,Female
2021-0024,Doe II,Junel,Doge,2,ME,Male
2021-0025,Doe II,Junil,Doge,2,ME,Female
2021-0026,Doe II,Junilyn,Doge,2,ME,Male
2021-0027,Doe II,John White,Doge,2,ME,Female
2021-0028,Doe II,John Elon,Doge,2,ME,Male
2021-0029,Doe II,John Albert,Doge,2,ME,Female
2021-0030,Doe II,John Marie,Doge,2,ME,Male
2021-0031,Doe II,John Alan,Doge,2,ME,Female
2021-0032,Doe II,John Isaac,Doge,2,ME,Male
2021-0033,Doe II,John Pascal,Doge,2,ME,Female
2021-0034,Doe II,John Alexander,Doge,2,ME,Male
2021-0035,Doe II,John Zeus,Doge,2,ME,Female
2021-0036,Doe II,John Jupiter,Doge,2,ME,Male
2021-0037,Doe II,John Mars,Doge,2,ME,Female
2021-0038,Doe II,John Conrad,Doge,2,ME,Male
2021-0039,Doe II,John Neumann,Doge,2,ME,Female
2021-0040,Doe II,John Levitin,Doge,2,ME,Male
2021-0041,Doe II,John Kendrick,Doge,2,ME,Female
2021-0042,Doe II,John Lamar,Doge,2,ME,Male
2021-0043,Doe II,Janina,Doge,2,ME,Female
2021-0044,Doe II,John Isaiah,Doge,2,ME,Male
2021-0045,Doe II,John Jay,Doge,2,ME,Female
2021-0046,Doe II,John Zay,Doge,2,ME,Male
2021-0047,Doe II,John Muir,Doge,2,ME,Female
2021-0048,Doe II,Sohn,Doge,2,ME,Male
2021-0049,Doe II,Sonne,Doge,2,ME,Female
2021-0050,Doe II,Joe,Doge,2,ME,Male
